{
    "compilerOptions": {
      "allowJs": true,
      "target": "ES2017",
      "module": "ES2020",
      "lib": ["es2020", "DOM", "WebWorker"],
      "jsx": "react-jsx",
      "jsxImportSource": "@builder.io/qwik",
      "strict": true,
      "resolveJsonModule": true,
      "moduleResolution": "node",
      "esModuleInterop": true,
      "skipLibCheck": true,
      "incremental": true,
      "isolatedModules": true,
      "types": ["node", "vite/client"],
      "paths": {
        "~/*": ["./src/*"]
      }
    }
}